<response>
  <sync_time>2022-06-17T01:05:13+0000;softwareVersion:65107;SE:F;SC:F;CS:H;CT:F;ST:Periodical-1655427913034,KS-15000000000139,KB-15000000003819,</sync_time>
  <cache_metadata>
    <version>1</version>
  </cache_metadata>
  <add_update_list>
    <meta_data>
      <ASIN>B098SCSXDJ</ASIN>
      <title pronunciation="">Let's run various programming languages on Chromebook (English Edition)</title>
      <authors>
        <author pronunciation="">Yamamoto, Norio</author>
      </authors>
      <publishers></publishers>
      <publication_date>2021-07-05T23:14:56+0000</publication_date>
      <purchase_date>2021-07-08T07:00:33+0000</purchase_date>
      <textbook_type></textbook_type>
      <cde_contenttype>EBOK</cde_contenttype>
      <content_type>application/x-mobipocket-ebook</content_type>
      <origins></origins>
    </meta_data>
    <meta_data>
      <ASIN>B091NLBL6M</ASIN>
      <title pronunciation="">How to make Chrome Extension (for Manifest V3) (English Edition)</title>
      <authors>
        <author pronunciation="">Yamamoto, Norio</author>
      </authors>
      <publishers></publishers>
      <publication_date>2021-04-03T01:29:56+0000</publication_date>
      <purchase_date>2021-04-05T11:01:10+0000</purchase_date>
      <textbook_type></textbook_type>
      <cde_contenttype>EBOK</cde_contenttype>
      <content_type>application/x-mobipocket-ebook</content_type>
      <origins></origins>
    </meta_data>
    <meta_data>
      <ASIN>B08NFSMZDX</ASIN>
      <title pronunciation="">How to make a flick game for Android (English Edition)</title>
      <authors>
        <author pronunciation="">Yamamoto, Norio</author>
      </authors>
      <publishers></publishers>
      <publication_date>2020-11-13T02:29:49+0000</publication_date>
      <purchase_date>2020-11-15T09:32:28+0000</purchase_date>
      <textbook_type></textbook_type>
      <cde_contenttype>EBOK</cde_contenttype>
      <content_type>application/x-mobipocket-ebook</content_type>
      <origins></origins>
    </meta_data>
    <meta_data>
      <ASIN>B08GPZ4X96</ASIN>
      <title pronunciation="">Comment créer l'extension Chrome. (French Edition)</title>
      <authors>
        <author pronunciation="">Yamamoto, Norio</author>
      </authors>
      <publishers></publishers>
      <publication_date>2020-08-25T04:29:32+0000</publication_date>
      <purchase_date>2020-08-27T09:24:45+0000</purchase_date>
      <textbook_type></textbook_type>
      <cde_contenttype>EBOK</cde_contenttype>
      <content_type>application/x-mobipocket-ebook</content_type>
      <origins></origins>
    </meta_data>
    <meta_data>
      <ASIN>B08DLQVB72</ASIN>
      <title pronunciation="">How to Make HTML e-book as Android Application (English Edition)</title>
      <authors>
        <author pronunciation="">Yamamoto, Norio</author>
      </authors>
      <publishers></publishers>
      <publication_date>2020-07-24T07:06:33+0000</publication_date>
      <purchase_date>2020-07-27T07:04:25+0000</purchase_date>
      <textbook_type></textbook_type>
      <cde_contenttype>EBOK</cde_contenttype>
      <content_type>application/x-mobipocket-ebook</content_type>
      <origins></origins>
    </meta_data>
    <meta_data>
      <ASIN>B088ZLLQ5C</ASIN>
      <title pronunciation="">How to Make Linux Server for Free (English Edition)</title>
      <authors>
        <author pronunciation="">Yamamoto, Norio</author>
      </authors>
      <publishers></publishers>
      <publication_date>2020-05-20T04:52:09+0000</publication_date>
      <purchase_date>2020-05-23T08:23:04+0000</purchase_date>
      <textbook_type></textbook_type>
      <cde_contenttype>EBOK</cde_contenttype>
      <content_type>application/x-mobipocket-ebook</content_type>
      <origins></origins>
    </meta_data>
    <meta_data>
      <ASIN>B07YP387WQ</ASIN>
      <title pronunciation="">How to make Chrome Extension (English Edition)</title>
      <authors>
        <author pronunciation="">Yamamoto, Norio</author>
      </authors>
      <publishers></publishers>
      <publication_date>2019-10-03T02:06:22+0000</publication_date>
      <purchase_date>2020-04-24T13:07:47+0000</purchase_date>
      <textbook_type></textbook_type>
      <cde_contenttype>EBSP</cde_contenttype>
      <content_type>application/x-mobipocket-ebook</content_type>
      <origins></origins>
    </meta_data>
    <meta_data>
      <ASIN>B09TZD36KK</ASIN>
      <title pronunciation="">Chromebook LAMP Environment Construction Handbook: Build Apache, MariaDB, PHP execution environment on Chromebook Linux (English Edition)</title>
      <authors>
        <author pronunciation="">Yamamoto, Norio</author>
      </authors>
      <publishers></publishers>
      <publication_date>2022-03-05T22:59:34+0000</publication_date>
      <purchase_date>2022-03-08T08:00:19+0000</purchase_date>
      <textbook_type></textbook_type>
      <cde_contenttype>EBOK</cde_contenttype>
      <content_type>application/x-mobipocket-ebook</content_type>
      <origins></origins>
    </meta_data>
    <meta_data>
      <ASIN>B0B3HR8VG9</ASIN>
      <title pronunciation="">Install XAMPP and WordPress on Chromebook Linux: Your own WordPress environment for studying and testing (English Edition)</title>
      <authors>
        <author pronunciation="">Yamamoto, Norio</author>
      </authors>
      <publishers></publishers>
      <publication_date>2022-06-07T04:29:38+0000</publication_date>
      <purchase_date>2022-06-09T08:01:53+0000</purchase_date>
      <textbook_type></textbook_type>
      <cde_contenttype>EBOK</cde_contenttype>
      <content_type>application/x-mobipocket-ebook</content_type>
      <origins></origins>
    </meta_data>
    <meta_data>
      <ASIN>B09TXK8BLS</ASIN>
      <title pronunciation="クロームブック ランプカンキョウコウチクガイドブック: クロームブックジョウノリナックスニアパッチマリアデービーピーエッチピーノジッコウカンキョウヲコウチク">Chromebook LAMP環境構築ガイドブック: ChromebookのLinux上にApache、MariaDB、PHPの実行環境を構築</title>
      <authors>
        <author pronunciation="ヤマモトノリオ">山本智男</author>
      </authors>
      <publishers></publishers>
      <publication_date>2022-03-04T05:29:26+0000</publication_date>
      <purchase_date>2022-03-06T09:01:15+0000</purchase_date>
      <textbook_type></textbook_type>
      <cde_contenttype>EBOK</cde_contenttype>
      <content_type>application/x-mobipocket-ebook</content_type>
      <origins></origins>
    </meta_data>
    <meta_data>
      <ASIN>B098M59JM9</ASIN>
      <title pronunciation="クロームブックデイロイロナプログラムゲンゴヲウゴカシテミヨウ">Chromebookで色々なプログラミング言語を動かしてみよう</title>
      <authors>
        <author pronunciation="ヤマモトノリオ">山本智男</author>
      </authors>
      <publishers></publishers>
      <publication_date>2021-07-03T02:14:44+0000</publication_date>
      <purchase_date>2021-07-05T07:06:40+0000</purchase_date>
      <textbook_type></textbook_type>
      <cde_contenttype>EBOK</cde_contenttype>
      <content_type>application/x-mobipocket-ebook</content_type>
      <origins></origins>
    </meta_data>
    <meta_data>
      <ASIN>B091GSP9PW</ASIN>
      <title pronunciation="クロームカクチョウノツクリカタマニフェストブイサンタイオウバン">Chrome拡張の作り方(Manifest V3対応版)</title>
      <authors>
        <author pronunciation="ヤマモトノリオ">山本智男</author>
      </authors>
      <publishers></publishers>
      <publication_date>2021-03-31T07:00:02+0000</publication_date>
      <purchase_date>2021-04-03T10:05:02+0000</purchase_date>
      <textbook_type></textbook_type>
      <cde_contenttype>EBOK</cde_contenttype>
      <content_type>application/x-mobipocket-ebook</content_type>
      <origins></origins>
    </meta_data>
    <meta_data>
      <ASIN>B08ZCXYYYK</ASIN>
      <title pronunciation="スコシダケジャバスクリプトガワカルヨウニナルホン: クロームデウゴカシテオボエルジャバスクリプト">少しだけJavaScriptがわかるようになる本: Chromeで動かして覚えるJavaScript</title>
      <authors>
        <author pronunciation="ヤマモトノリオ">山本智男</author>
      </authors>
      <publishers></publishers>
      <publication_date>2021-03-17T02:00:40+0000</publication_date>
      <purchase_date>2021-03-19T12:34:08+0000</purchase_date>
      <textbook_type></textbook_type>
      <cde_contenttype>EBOK</cde_contenttype>
      <content_type>application/x-mobipocket-ebook</content_type>
      <origins></origins>
    </meta_data>
    <meta_data>
      <ASIN>B08NB6RHD8</ASIN>
      <title pronunciation="アンドロイドヨウノフクックゲームノツクリカタ">Android用のフリックゲームの作り方</title>
      <authors>
        <author pronunciation="ヤマモトノリオ">山本智男</author>
      </authors>
      <publishers></publishers>
      <publication_date>2020-11-11T05:59:48+0000</publication_date>
      <purchase_date>2020-11-13T09:04:00+0000</purchase_date>
      <textbook_type></textbook_type>
      <cde_contenttype>EBOK</cde_contenttype>
      <content_type>application/x-mobipocket-ebook</content_type>
      <origins></origins>
    </meta_data>
    <meta_data>
      <ASIN>B08CZ5CF2J</ASIN>
      <title pronunciation="エッチティエムエルケイシキノデンシショセキヲアンドロイドアプリデツクルホウホウ">HTML形式の電子書籍をアンドロイドアプリで作る方法</title>
      <authors>
        <author pronunciation="ヤマモトノリオ">山本智男</author>
      </authors>
      <publishers></publishers>
      <publication_date>2020-07-14T00:36:56+0000</publication_date>
      <purchase_date>2020-07-16T07:28:22+0000</purchase_date>
      <textbook_type></textbook_type>
      <cde_contenttype>EBOK</cde_contenttype>
      <content_type>application/x-mobipocket-ebook</content_type>
      <origins></origins>
    </meta_data>
    <meta_data>
      <ASIN>B0899JSDJG</ASIN>
      <title pronunciation="リナックスサーバーヲムリョウデサクセイスルホウホウ">Linuxサーバーを無料で作成する方法</title>
      <authors>
        <author pronunciation="ヤマモトノリオ">山本智男</author>
      </authors>
      <publishers></publishers>
      <publication_date>2020-05-27T02:21:38+0000</publication_date>
      <purchase_date>2020-05-30T10:56:08+0000</purchase_date>
      <textbook_type></textbook_type>
      <cde_contenttype>EBOK</cde_contenttype>
      <content_type>application/x-mobipocket-ebook</content_type>
      <origins></origins>
    </meta_data>
    <meta_data>
      <ASIN>B085XW433G</ASIN>
      <title pronunciation="ハジメテノコクサイユウビン　コクサイユウビンマイページサービスタイオウバン">初めての国際郵便　国際郵便マイページサービス対応版</title>
      <authors>
        <author pronunciation="ヤマモトノリオ">山本智男</author>
      </authors>
      <publishers></publishers>
      <publication_date>2020-03-15T05:21:24+0000</publication_date>
      <purchase_date>2020-03-17T07:59:18+0000</purchase_date>
      <textbook_type></textbook_type>
      <cde_contenttype>EBOK</cde_contenttype>
      <content_type>application/x-mobipocket-ebook</content_type>
      <origins></origins>
    </meta_data>
    <meta_data>
      <ASIN>B07ZK2JJQH</ASIN>
      <title pronunciation="クロームカクチョウノツクリカタ">Chrome拡張の作り方</title>
      <authors>
        <author pronunciation="ヤマモトノリオ">山本智男</author>
      </authors>
      <publishers></publishers>
      <publication_date>2019-10-24T01:36:22+0000</publication_date>
      <purchase_date>2019-10-26T10:37:15+0000</purchase_date>
      <textbook_type></textbook_type>
      <cde_contenttype>EBOK</cde_contenttype>
      <content_type>application/x-mobipocket-ebook</content_type>
      <origins></origins>
    </meta_data>
  </add_update_list>
</response>  