﻿[
  {
    "id": 1,
    "priority": 1,
    "action": {
      "type": "block"
    },
    "condition": {
      "urlFilter": "yahoo.co.jp",
      "resourceTypes": ["main_frame"]
    }
  },
  {
    "id": 2,
    "priority": 1,
    "action": {
      "type": "allow"
    },
    "condition": {
      "resourceTypes": ["image"]
    }
  },
  {
    "id": 3,
    "priority": 1,
    "action": {
      "type": "allow"
    },
    "condition": {
      "resourceTypes": ["script"]
    }
  }
]